title,artist,top genre,year released,dur
STARSTRUKK (feat. Katy Perry),3OH!3,dance pop,2009,203
My First Kiss (feat. Ke$ha),3OH!3,dance pop,2010,192
I Need A Dollar,Aloe Blacc,pop soul,2010,243
Airplanes (feat. Hayley Williams of Paramore),B.o.B,atl hip hop,2010,180
Nothin' on You (feat. Bruno Mars),B.o.B,atl hip hop,2010,268
Magic (feat. Rivers Cuomo),B.o.B,atl hip hop,2010,196
The Time (Dirty Bit),Black Eyed Peas,dance pop,2010,308
Imma Be,Black Eyed Peas,dance pop,2009,258
Talking to the Moon,Bruno Mars,dance pop,2010,218
Just the Way You Are,Bruno Mars,dance pop,2010,221
Teach Me How to Dougie,Cali Swag District,pop rap,2011,237
Forget You,CeeLo Green,atl hip hop,2010,223
Deuces (feat. Tyga & Kevin McCall),Chris Brown,dance pop,2011,277
Memories (feat. Kid Cudi),David Guetta,big room,2009,210
Gettin' Over You (feat. Fergie & LMFAO),David Guetta,big room,2009,188
"All I Do Is Win (feat. T-Pain, Ludacris, Snoop Dogg & Rick Ross)",DJ Khaled,dance pop,2010,233
Over,Drake,canadian hip hop,2010,234
Find Your Love,Drake,canadian hip hop,2010,209
Barbra Streisand (Radio Edit),Duck Sauce,disco house,2010,195
Stereo Love - Radio Edit,Edward Maya,romanian house,2010,185
Pack Up,Eliza Doolittle,lilith,2010,191
Starry Eyed,Ellie Goulding,dance pop,2010,177
Love The Way You Lie,Eminem,detroit hip hop,2010,263
Not Afraid,Eminem,detroit hip hop,2010,248
I Like It,Enrique Iglesias,dance pop,2010,232
Kickstarts,Example,dance pop,2010,182
Like A G6,Far East Movement,asian american hip hop,2010,217
Club Can't Handle Me (feat. David Guetta),Flo Rida,dance pop,2010,235
Hot - Malibu Breeze Radio Edit,INNA,dance pop,2010,224
Replay,Iyaz,dance pop,2009,182
Whatcha Say,Jason Derulo,dance pop,2010,221
Ridin' Solo,Jason Derulo,dance pop,2010,216
In My Head,Jason Derulo,dance pop,2010,199
Down,Jay Sean,dance pop,2009,213
Do You Remember,Jay Sean,dance pop,2009,211
Young Forever,JAY-Z,east coast hip hop,2009,254
Heartbreak Warfare,John Mayer,neo mellow,2009,270
Half of My Heart,John Mayer,neo mellow,2009,250
Baby,Justin Bieber,canadian pop,2010,214
California Gurls,Katy Perry,dance pop,2012,235
Teenage Dream,Katy Perry,dance pop,2010,228
Commander,Kelly Rowland,atl hip hop,2011,218
TiK ToK,Kesha,dance pop,2010,200
Your Love Is My Drug,Kesha,dance pop,2010,187
Take It Off,Kesha,dance pop,2010,215
Blah Blah Blah (feat. 3OH!3),Kesha,dance pop,2010,172
Wavin' Flag,K'NAAN,reggae fusion,2009,221
Live Like We're Dying,Kris Allen,idol,2009,213
Bad Romance,Lady Gaga,art pop,2009,295
Telephone,Lady Gaga,art pop,2009,221
Alejandro,Lady Gaga,art pop,2009,274
Right Above It,Lil Wayne,hip hop,2010,272
My Chick Bad,Ludacris,atl hip hop,2010,217
How Low,Ludacris,atl hip hop,2010,202
Misery,Maroon 5,pop,2010,216
When We Collide,Matt Cardle,talent show,2011,226
Cooler Than Me - Single Mix,Mike Posner,dance pop,2010,213
Can't Be Tamed,Miley Cyrus,dance pop,2010,168
Animal,Neon Trees,modern alternative rock,2010,212
Fireflies,Owl City,indietronica,2009,228
She Said,Plan B,grime,2010,211
Only Girl (In The World),Rihanna,barbadian pop,2010,235
Rude Boy,Rihanna,barbadian pop,2009,223
What's My Name?,Rihanna,barbadian pop,2010,263
Man Down,Rihanna,barbadian pop,2010,267
Hard,Rihanna,barbadian pop,2009,251
Dancing On My Own - Radio Edit,Robyn,art pop,2010,278
King of Anything,Sara Bareilles,acoustic pop,2010,207
This Ain't a Love Song,Scouting For Girls,dance pop,2017,211
Eenie Meenie,Sean Kingston,dance pop,2020,202
Riverside,Sidney Samson,dutch house,2009,321
Alors on danse - Radio Edit,Stromae,belgian pop,2010,206
Stuck Like Glue,Sugarland,contemporary country,2010,248
One - Radio Edit,Swedish House Mafia,dance pop,2010,170
Miami 2 Ibiza - Swedish House Mafia vs. Tinie Tempah,Swedish House Mafia,dance pop,2010,206
Dynamite,Taio Cruz,dance pop,2010,203
Break Your Heart,Taio Cruz,dance pop,2010,202
The Flood,Take That,boy band,2010,289
Back To December,Taylor Swift,pop,2010,293
Mine,Taylor Swift,pop,2010,231
Today Was A Fairytale,Taylor Swift,pop,2011,242
If I Die Young,The Band Perry,contemporary country,2010,223
For the First Time,The Script,celtic rock,2011,253
All Time Low,The Wanted,boy band,2010,205
Seek Bromance (Avicii Vocal Edit),Tim Berg,edm,2010,201
Carry Out (Featuring Justin Timberlake),Timbaland,dance pop,2009,232
If We Ever Meet Again (Featuring Katy Perry),Timbaland,dance pop,2009,293
Pass Out,Tinie Tempah,dance pop,2010,268
Written in the Stars (feat. Eric Turner),Tinie Tempah,dance pop,2010,208
"Hey, Soul Sister",Train,dance pop,2010,217
Billionaire (feat. Bruno Mars),Travie McCoy,dance pop,2010,211
Bottoms Up (feat. Nicki Minaj),Trey Songz,dance pop,2010,242
Say Aah (feat. Fabolous),Trey Songz,dance pop,2009,208
What You Know,Two Door Cinema Club,indie rock,2010,192
DJ Got Us Fallin' In Love (feat. Pitbull),Usher,atl hip hop,2010,221
OMG (feat. will.i.am),Usher,atl hip hop,2010,269
Hey Daddy (Daddy's Home),Usher,atl hip hop,2010,224
No Hands (feat. Roscoe Dash & Wale),Waka Flocka Flame,atl hip hop,2010,264
We No Speak Americano (Edit),Yolanda Be Cool,australian dance,2020,157
BedRock,Young Money,dance pop,2009,288
Rolling in the Deep,Adele,british soul,2011,228
Set Fire to the Rain,Adele,british soul,2011,243
Mr. Saxobeat,Alexandra Stan,dance pop,2011,195
What the Hell,Avril Lavigne,canadian pop,2011,221
Lighters,Bad Meets Evil,detroit hip hop,2011,304
Love On Top,Beyoncé,dance pop,2011,267
Best Thing I Never Had,Beyoncé,dance pop,2011,254
Skinny Love,Birdy,pop,2011,201
Just Can’t Get Enough,Black Eyed Peas,dance pop,2010,219
Honey Bee,Blake Shelton,contemporary country,2011,211
Holocene,Bon Iver,eau claire indie,2011,337
I Wanna Go,Britney Spears,dance pop,2011,210
Till the World Ends,Britney Spears,dance pop,2011,238
Grenade,Bruno Mars,dance pop,2010,222
Marry You,Bruno Mars,dance pop,2010,230
The Lazy Song,Bruno Mars,dance pop,2010,189
Bounce (feat. Kelis) - Radio Edit,Calvin Harris,dance pop,2012,222
Blind Faith,Chase & Status,dancefloor dnb,2011,234
Champion (feat. Chris Brown),Chip,grime,2011,237
Look At Me Now (feat. Lil' Wayne & Busta Rhymes),Chris Brown,dance pop,2011,223
Yeah 3x,Chris Brown,dance pop,2011,242
Beautiful People,Chris Brown,dance pop,2019,226
Jar of Hearts,Christina Perri,dance pop,2011,247
You Make Me Feel... (feat. Sabi),Cobra Starship,dance pop,2011,216
Paradise,Coldplay,permanent wave,2011,279
Every Teardrop Is a Waterfall,Coldplay,permanent wave,2011,241
Where Them Girls At (feat. Nicki Minaj & Flo Rida),David Guetta,big room,2011,210
Who's That Chick? (feat. Rihanna),David Guetta,big room,2010,201
Coming Home,Diddy - Dirty Money,hip pop,2010,239
Louder,DJ Fresh,dancefloor dnb,2012,207
I'm On One,DJ Khaled,dance pop,2011,296
I Need A Doctor,Dr. Dre,g funk,2011,284
Headlines,Drake,canadian hip hop,2011,236
The A Team,Ed Sheeran,pop,2011,258
Lego House,Ed Sheeran,pop,2011,185
Stereo Love - Radio Edit,Edward Maya,romanian house,2010,185
Tonight (I'm Fuckin' You),Enrique Iglesias,dance pop,2010,232
Springsteen,Eric Church,contemporary country,2011,263
Changed the Way You Kiss Me - Radio Edit,Example,dance pop,2011,195
Rocketeer,Far East Movement,asian american hip hop,2010,211
Shake It Out,Florence + The Machine,baroque pop,2011,278
Pumped Up Kicks,Foster The People,indietronica,2011,240
Tongue Tied,Grouplove,indie pop,2011,218
Stereo Hearts (feat. Adam Levine),Gym Class Heroes,dance pop,2011,211
Tonight Tonight,Hot Chelle Rae,dance pop,2011,200
Dirt Road Anthem,Jason Aldean,contemporary country,2010,229
It Girl,Jason Derulo,dance pop,2011,192
Don't Wanna Go Home,Jason Derulo,dance pop,2011,206
On The Floor,Jennifer Lopez,dance pop,2011,285
Down On Me,Jeremih,chicago rap,2010,228
Do It Like A Dude,Jessie J,dance pop,2011,195
All Of The Lights,Kanye West,chicago rap,2010,300
Last Friday Night (T.G.I.F.),Katy Perry,dance pop,2012,231
Firework,Katy Perry,dance pop,2010,228
E.T.,Katy Perry,dance pop,2012,230
Motivation,Kelly Rowland,atl hip hop,2011,231
Pretty Girl Rock,Keri Hilson,dance pop,2010,244
We R Who We R,Kesha,dance pop,2010,205
Blow,Kesha,dance pop,2010,220
Earthquake (feat. Tinie Tempah),Labrinth,indie poptimism,2012,275
Just A Kiss,Lady A,contemporary country,2011,219
Born This Way,Lady Gaga,art pop,2011,260
The Edge Of Glory,Lady Gaga,art pop,2011,321
6 Foot 7 Foot,Lil Wayne,hip hop,2011,249
How To Love,Lil Wayne,hip hop,2011,240
Party Rock Anthem,LMFAO,dance pop,2011,262
Sexy And I Know It,LMFAO,dance pop,2011,199
The Show Goes On,Lupe Fiasco,chicago rap,2011,240
I Follow Rivers - The Magician Remix,Lykke Li,art pop,2021,280
Midnight City,M83,french shoegaze,2011,241
Donald Trump,Mac Miller,hip hop,2011,166
Buzzin Remix,Mann,pop rap,2011,224
"Moves Like Jagger - Studio Recording From ""The Voice"" Performance",Maroon 5,pop,2010,201
Sure Thing,Miguel,dance pop,2010,195
When We Stand Together,Nickelback,alternative metal,2011,191
Super Bass,Nicki Minaj,dance pop,2010,200
L.I.F.E.G.O.E.S.O.N.,Noah And The Whale,indie folk,2011,228
Heart Skips a Beat (feat. Rizzle Kicks),Olly Murs,dance pop,2011,202
Good Life,OneRepublic,dance pop,2009,253
Raise Your Glass,P!nk,dance pop,2010,203
"Give Me Everything (feat. Ne-Yo, Afrojack & Nayer)",Pitbull,dance pop,2011,252
Hey Baby (Drop It to the Floor) (feat. T-Pain),Pitbull,dance pop,2011,234
Read All About It,Professor Green,grime,2021,236
The Adventures of Rain Dance Maggie,Red Hot Chili Peppers,alternative rock,2011,282
S&M,Rihanna,barbadian pop,2010,244
We Found Love,Rihanna,barbadian pop,2011,215
What's My Name?,Rihanna,barbadian pop,2010,263
Down With The Trumpets,Rizzle Kicks,uk hip hop,2011,187
Loca People - Radio Edit,Sak Noel,electro house,2011,216
Love You Like A Love Song,Selena Gomez & The Scene,dance pop,2011,188
Who Says,Selena Gomez & The Scene,dance pop,2011,196
Sweat - Remix,Snoop Dogg,g funk,2011,196
Save The World,Swedish House Mafia,dance pop,2011,213
Higher,Taio Cruz,dance pop,2011,188
If I Die Young,The Band Perry,contemporary country,2010,223
Glad You Came,The Wanted,boy band,2011,198
More - RedOne Jimmy Joker Remix,Usher,atl hip hop,2010,220
No Hands (feat. Roscoe Dash & Wale),Waka Flocka Flame,atl hip hop,2010,264
Black and Yellow,Wiz Khalifa,dance pop,2011,218
Roll Up,Wiz Khalifa,dance pop,2011,228
Skyfall,Adele,british soul,2012,286
Rumour Has It,Adele,british soul,2011,223
Years,Alesso,dance pop,2013,195
Too Close,Alex Clare,modern alternative rock,2011,257
Breezeblocks,alt-J,indie rock,2012,227
R U Mine?,Arctic Monkeys,garage rock,2012,200
One Day / Reckoning Song (Wankelmut Remix) - Radio Edit,Asaf Avidan,israeli pop,2012,215
Levels - Radio Edit,Avicii,dance pop,2011,200
Silhouettes - Original Radio Edit,Avicii,dance pop,2012,212
212,Azealia Banks,dance pop,2014,205
So Good,B.o.B,atl hip hop,2012,213
Locked out of Heaven,Bruno Mars,dance pop,2012,233
It Will Rain,Bruno Mars,dance pop,2011,258
Feel So Close - Radio Edit,Calvin Harris,dance pop,2012,206
Let's Go (feat. Ne-Yo),Calvin Harris,dance pop,2012,233
We'll Be Coming Back (feat. Example),Calvin Harris,dance pop,2012,234
Call Me Maybe,Carly Rae Jepsen,canadian pop,2012,193
Blown Away,Carrie Underwood,contemporary country,2012,240
Want U Back,Cher Lloyd,dance pop,2012,215
Turn Up the Music,Chris Brown,dance pop,2012,228
Paradise,Coldplay,permanent wave,2011,279
Princess of China,Coldplay,permanent wave,2011,239
Turn Me On (feat. Nicki Minaj),David Guetta,big room,2011,200
In The Dark,DEV,dance pop,2012,226
Latch,Disclosure,edm,2013,256
Hot Right Now - Edit,DJ Fresh,dancefloor dnb,2010,179
Take Care,Drake,canadian hip hop,2011,277
The Motto,Drake,canadian hip hop,2011,182
Lights - Single Version,Ellie Goulding,dance pop,2010,211
Good Feeling,Flo Rida,dance pop,2012,248
Spectrum (Say My Name) - Calvin Harris Remix,Florence + The Machine,baroque pop,2012,218
Lost,Frank Ocean,alternative r&b,2012,234
Thinkin Bout You,Frank Ocean,alternative r&b,2012,201
We Are Young (feat. Janelle Monáe),fun.,baroque pop,2012,251
Some Nights,fun.,baroque pop,2012,277
Somebody That I Used To Know,Gotye,australian pop,2011,245
Oblivion,Grimes,art pop,2012,251
Ass Back Home (feat. Neon Hitch),Gym Class Heroes,dance pop,2011,222
I Love It (feat. Charli XCX),Icona Pop,candy pop,2013,157
It's Time,Imagine Dragons,modern rock,2012,238
On Top Of The World,Imagine Dragons,modern rock,2012,190
Ni**as In Paris,JAY-Z,east coast hip hop,2011,219
Boyfriend,Justin Bieber,canadian pop,2012,171
Mercy,Kanye West,chicago rap,2012,329
Brokenhearted,Karmin,dance pop,2012,227
The One That Got Away,Katy Perry,dance pop,2012,227
Part Of Me,Katy Perry,dance pop,2012,216
Swimming Pools (Drank) - Extended Version,Kendrick Lamar,conscious hip hop,2012,314
m.A.A.d city,Kendrick Lamar,conscious hip hop,2012,350
Die Young,Kesha,dance pop,2012,212
C'Mon,Kesha,dance pop,2012,214
Ride,Lana Del Rey,art pop,2012,289
Video Games,Lana Del Rey,art pop,2012,282
Born To Die,Lana Del Rey,art pop,2012,286
BURN IT DOWN,Linkin Park,alternative metal,2012,230
Sexy And I Know It,LMFAO,dance pop,2011,199
Battle Scars (with Guy Sebastian),Lupe Fiasco,chicago rap,2012,250
Primadonna,MARINA,art pop,2012,221
How to Be a Heartbreaker,MARINA,art pop,2012,221
One More Night,Maroon 5,pop,2012,219
Payphone,Maroon 5,pop,2012,231
Adorn,Miguel,dance pop,2012,193
Madness,Muse,modern rock,2012,281
Everybody Talks,Neon Trees,modern alternative rock,2012,177
Starships,Nicki Minaj,dance pop,2011,211
Pound The Alarm,Nicki Minaj,dance pop,2012,206
Dirty Paws,Of Monsters and Men,folk-pop,2012,278
Troublemaker (feat. Flo Rida),Olly Murs,dance pop,2012,186
What Makes You Beautiful,One Direction,boy band,2012,200
Live While We're Young,One Direction,boy band,2012,200
Million Voices - Radio Edit,Otto Knows,edm,2012,193
Good Time,Owl City,indietronica,2012,206
Blow Me (One Last Kiss),P!nk,dance pop,2012,256
Take a Walk,Passion Pit,alternative dance,2012,264
"Gone, Gone, Gone",Phillip Phillips,folk-pop,2013,210
Home,Phillip Phillips,folk-pop,2013,210
Gangnam Style (강남스타일),PSY,k-pop,2012,219
We Found Love,Rihanna,barbadian pop,2011,215
Where Have You Been,Rihanna,barbadian pop,2011,243
R.I.P. (feat. Tinie Tempah),Rita Ora,dance pop,2012,228
Mama Do The Hump,Rizzle Kicks,uk hip hop,2011,216
Candy,Robbie Williams,dance pop,2012,201
Feel the Love (feat. John Newman),Rudimental,dance pop,2013,245
Hands on the Wheel (feat. Asap Rocky),ScHoolboy Q,gangster rap,2012,197
Bangarang (feat. Sirah),Skrillex,brostep,2011,215
"Young, Wild & Free (feat. Bruno Mars)",Snoop Dogg,g funk,2011,207
Don't You Worry Child - Radio Edit,Swedish House Mafia,dance pop,2012,213
I Knew You Were Trouble.,Taylor Swift,pop,2012,220
We Are Never Ever Getting Back Together,Taylor Swift,pop,2012,193
Ho Hey,The Lumineers,folk-pop,2012,163
Chasing The Sun,The Wanted,boy band,2012,199
Angels,The xx,downtempo,2012,172
Drive By,Train,dance pop,2012,196
50 Ways to Say Goodbye,Train,dance pop,2012,248
Heart Attack,Trey Songz,dance pop,2012,233
Rack City,Tyga,dance pop,2012,203
Faded,Tyga,dance pop,2012,207
Climax,Usher,atl hip hop,2012,233
Anna Sun,WALK THE MOON,dance pop,2012,321
"Work Hard, Play Hard",Wiz Khalifa,dance pop,2012,219
We Own It (Fast & Furious),2 Chainz,atl hip hop,2013,228
"F**kin' Problems (feat. Drake, 2 Chainz & Kendrick Lamar)",A$AP Rocky,east coast hip hop,2013,234
Why'd You Only Call Me When You're High?,Arctic Monkeys,garage rock,2013,161
Do I Wanna Know?,Arctic Monkeys,garage rock,2013,272
The Way,Ariana Grande,dance pop,2013,227
Wake Me Up,Avicii,dance pop,2013,247
I Could Be The One (Avicii Vs. Nicky Romero) - Radio Edit,Avicii,dance pop,2012,208
Here's to Never Growing Up,Avril Lavigne,canadian pop,2013,214
Sail,AWOLNATION,la indie,2011,259
Harlem Shake,Baauer,bass trap,2013,197
Pompeii,Bastille,metropopolis,2013,214
Of The Night,Bastille,metropopolis,2013,214
Get Up (Rattle),Bingo Players,big room,2013,167
Sure Be Cool If You Did,Blake Shelton,contemporary country,2013,216
Ready or Not,Bridgit Mendler,dance pop,2012,201
Work Bitch,Britney Spears,dance pop,2013,248
Locked out of Heaven,Bruno Mars,dance pop,2012,233
When I Was Your Man,Bruno Mars,dance pop,2012,214
Treasure,Bruno Mars,dance pop,2012,179
Sweet Nothing (feat. Florence Welch),Calvin Harris,dance pop,2012,213
I Need Your Love (feat. Ellie Goulding),Calvin Harris,dance pop,2012,235
Thinking About You (feat. Ayah Marar),Calvin Harris,dance pop,2012,248
Drinking from the Bottle (feat. Tinie Tempah),Calvin Harris,dance pop,2012,240
Safe And Sound,Capital Cities,metropopolis,2013,193
3005,Childish Gambino,atl hip hop,2013,234
Fine China,Chris Brown,dance pop,2014,213
The Mother We Share,CHVRCHES,electropop,2013,191
Body Party,Ciara,dance pop,2013,234
Get Lucky (feat. Pharrell Williams & Nile Rodgers) - Radio Edit,Daft Punk,electro,2013,248
Lose Yourself to Dance (feat. Pharrell Williams),Daft Punk,electro,2013,354
Play Hard (feat. Ne-Yo & Akon),David Guetta,big room,2011,201
Heart Attack,Demi Lovato,dance pop,2013,211
White Noise,Disclosure,edm,2013,278
"Hold On, We're Going Home",Drake,canadian hip hop,2013,228
Started From the Bottom,Drake,canadian hip hop,2013,174
Need U (100%) (feat. A*M*E) - Radio Edit,Duke Dumont,destroy techno,2013,174
The Monster,Eminem,detroit hip hop,2013,250
Berzerk,Eminem,detroit hip hop,2013,239
My Songs Know What You Did In The Dark (Light Em Up),Fall Out Boy,emo,2013,187
I Cry,Flo Rida,dance pop,2012,224
Cruise,Florida Georgia Line,contemporary country,2012,209
I Love It (feat. Charli XCX),Icona Pop,candy pop,2013,157
Demons,Imagine Dragons,modern rock,2012,175
Radioactive,Imagine Dragons,modern rock,2012,187
Power Trip (feat. Miguel),J. Cole,conscious hip hop,2013,241
Talk Dirty (feat. 2 Chainz),Jason Derulo,dance pop,2013,178
The Other Side,Jason Derulo,dance pop,2013,227
Holy Grail,JAY-Z,east coast hip hop,2013,338
Love Me Again,John Newman,dance pop,2013,240
Beauty And A Beat,Justin Bieber,canadian pop,2012,228
Mirrors,Justin Timberlake,dance pop,2013,484
Suit & Tie (feat. Jay-Z),Justin Timberlake,dance pop,2013,326
Black Skinhead,Kanye West,chicago rap,2013,188
This Is How We Do,Katy Perry,dance pop,2013,204
Sonnentanz - Sun Don't Shine,Klangkarussell,austrian pop,2013,236
All I Want,Kodaline,irish pop,2013,306
High Hopes,Kodaline,irish pop,2013,230
Summertime Sadness (Lana Del Rey Vs. Cedric Gervais) - Cedric Gervais Remix,Lana Del Rey,art pop,2013,215
Love Me,Lil Wayne,hip hop,2013,255
Somewhere Only We Know,Lily Allen,dance pop,2014,209
Royals,Lorde,art pop,2013,190
Team,Lorde,art pop,2013,193
Can't Hold Us (feat. Ray Dalton),Macklemore & Ryan Lewis,dance pop,2012,258
Thrift Shop (feat. Wanz),Macklemore & Ryan Lewis,dance pop,2012,236
Same Love (feat. Mary Lambert),Macklemore & Ryan Lewis,dance pop,2012,319
Daylight,Maroon 5,pop,2012,225
Animals - Radio Edit,Martin Garrix,dance pop,2016,176
It's a Beautiful Day,Michael Bublé,adult standards,2013,199
We Can't Stop,Miley Cyrus,dance pop,2013,231
I Will Wait,Mumford & Sons,modern folk rock,2012,277
La La La,Naughty Boy,tropical house,2013,221
Hey Porsche,Nelly,dance pop,2013,209
Little Talks,Of Monsters and Men,folk-pop,2012,267
Best Song Ever,One Direction,boy band,2013,200
One Way or Another (Teenage Kicks),One Direction,boy band,2013,157
True Love (feat. Lily Allen),P!nk,dance pop,2012,231
Still into You,Paramore,candy pop,2013,216
Ain't It Fun,Paramore,candy pop,2013,297
Home,Phillip Phillips,folk-pop,2013,210
Feel This Moment (feat. Christina Aguilera),Pitbull,dance pop,2012,230
Don't Stop the Party (feat. TJR),Pitbull,dance pop,2012,206
Blurred Lines,Robin Thicke,contemporary r&b,2013,263
Waiting All Night (feat. Ella Eyre),Rudimental,dance pop,2013,293
Reload - Radio Edit,Sebastian Ingrosso,dance pop,2013,221
Come & Get It,Selena Gomez,dance pop,2013,232
Look Right Through - MK Vocal Edit,Storm Queen,deep disco house,2013,148
Papaoutai,Stromae,belgian pop,2013,232
I Knew You Were Trouble.,Taylor Swift,pop,2012,220
22,Taylor Swift,pop,2012,232
Everything Has Changed,Taylor Swift,pop,2012,245
Chocolate,The 1975,modern alternative rock,2013,225
Ho Hey,The Lumineers,folk-pop,2012,163
Sweater Weather,The Neighbourhood,modern alternative rock,2013,240
What About Us,The Saturdays,bubblegum dance,2013,221
Another Love,Tom Odell,chill pop,2013,244
Bad (feat. Rihanna) - Remix,Wale,gangster rap,2013,239
Scream & Shout,will.i.am,dance pop,2013,283
#thatPOWER,will.i.am,dance pop,2013,280
The Fox (What Does the Fox Say?),Ylvis,comic,2013,214
Clarity,Zedd,complextro,2012,271
She Looks So Perfect,5 Seconds of Summer,boy band,2014,202
Amnesia,5 Seconds of Summer,boy band,2014,237
Heroes (we could be),Alesso,dance pop,2014,210
The Man,Aloe Blacc,pop soul,2014,255
Best Day Of My Life,American Authors,indie poptimism,2014,194
Love Me Harder,Ariana Grande,dance pop,2014,236
Problem,Ariana Grande,dance pop,2014,194
Break Free,Ariana Grande,dance pop,2014,215
Hey Brother,Avicii,dance pop,2013,255
Shower,Becky G,dance pop,2014,206
Drunk in Love (feat. Jay-Z),Beyoncé,dance pop,2014,323
Hot N*gga,Bobby Shmurda,nyc rap,2014,195
Summer,Calvin Harris,dance pop,2014,223
Blame (feat. John Newman),Calvin Harris,dance pop,2014,213
Under Control (feat. Hurts),Calvin Harris,dance pop,2014,184
Boom Clap,Charli XCX,art pop,2014,170
Loyal (feat. Lil Wayne & Tyga),Chris Brown,dance pop,2014,265
New Flame (feat. Usher & Rick Ross),Chris Brown,dance pop,2014,244
Rather Be (feat. Jess Glynne),Clean Bandit,dance pop,2014,228
First,Cold War Kids,alternative rock,2014,200
Magic,Coldplay,permanent wave,2014,285
A Sky Full of Stars,Coldplay,permanent wave,2014,268
Bad (feat. Vassy) - Radio Edit,David Guetta,big room,2014,171
Lovers on the Sun (feat. Sam Martin),David Guetta,big room,2014,204
Latch,Disclosure,edm,2013,256
Turn Down for What,DJ Snake,dance pop,2013,214
You Know You Like It,DJ Snake,dance pop,2014,247
I Got U,Duke Dumont,destroy techno,2014,286
Cool Kids,Echosmith,dance pop,2013,238
Don't,Ed Sheeran,pop,2014,220
Sing,Ed Sheeran,pop,2014,235
Ugly Heart,G.R.L.,dance pop,2014,198
Budapest,George Ezra,folk-pop,2014,201
Blame It on Me,George Ezra,folk-pop,2014,196
Ready For Your Love,Gorgon City,deep groove house,2014,199
Fancy,Iggy Azalea,australian hip hop,2014,200
Black Widow,Iggy Azalea,australian hip hop,2014,209
Talk Dirty (feat. 2 Chainz),Jason Derulo,dance pop,2013,178
Wiggle (feat. Snoop Dogg),Jason Derulo,dance pop,2013,193
Trumpets,Jason Derulo,dance pop,2013,217
Don't Tell 'Em,Jeremih,chicago rap,2015,267
Bang Bang,Jessie J,dance pop,2014,199
All of Me,John Legend,neo soul,2013,270
Not a Bad Thing,Justin Timberlake,dance pop,2013,688
Dark Horse,Katy Perry,dance pop,2013,216
Show Me (feat. Chris Brown),Kid Ink,dance pop,2014,218
Hideaway,Kiesza,electropop,2014,252
Jubel - Radio Edit,Klingande,deep house,2013,202
Jealous,Labrinth,indie poptimism,2014,288
Prayer in C - Robin Schulz Radio Edit,Lilly Wood and The Prick,french indie pop,2014,189
Team,Lorde,art pop,2013,193
Rude,MAGIC!,reggae fusion,2014,225
Maps,Maroon 5,pop,2014,190
Animals,Maroon 5,pop,2014,231
Sugar,Maroon 5,pop,2014,235
All About That Bass,Meghan Trainor,dance pop,2015,188
Stolen Dance,Milky Chance,german pop,2014,314
Classic,MKTO,dance pop,2012,175
Waves - Robin Schulz Radio Edit,Mr. Probz,dutch hip hop,2014,208
Somebody,Natalie La Rose,chicago rap,2014,190
Jealous - Remix,Nick Jonas,dance pop,2015,222
Anaconda,Nicki Minaj,dance pop,2014,260
Am I Wrong,Nico & Vinz,pop rap,2014,246
CoCo,O.T. Genasis,pop rap,2014,240
Gecko (Overdrive) - Radio Edit,Oliver Heldens,dance pop,2014,165
Wrapped Up,Olly Murs,dance pop,2014,186
Post to Be (feat. Chris Brown & Jhene Aiko),Omarion,dance pop,2014,227
Night Changes,One Direction,boy band,2014,227
Steal My Girl,One Direction,boy band,2014,228
Counting Stars,OneRepublic,dance pop,2014,258
Love Runs Out,OneRepublic,dance pop,2014,224
Only Love Can Hurt Like This,Paloma Faith,british soul,2014,233
Ain't It Fun,Paramore,candy pop,2013,297
High (feat. Nicole Millar),Peking Duk,aussietronica,2014,228
"Happy - From ""Despicable Me 2""",Pharrell Williams,pop rap,2014,233
Timber (feat. Ke$ha),Pitbull,dance pop,2012,204
Me And My Broken Heart,Rixton,pop,2014,194
My Love (feat. Jess Glynne),Route 94,deep groove house,2014,260
Stay With Me,Sam Smith,dance pop,2014,173
Money On My Mind,Sam Smith,dance pop,2014,193
Collard Greens,ScHoolboy Q,gangster rap,2014,300
Man Of The Year,ScHoolboy Q,gangster rap,2014,216
Geronimo,Sheppard,australian indie,2015,218
Chandelier,Sia,australian dance,2015,216
Elastic Heart,Sia,australian dance,2015,257
Nobody To Love,Sigma,dance pop,2014,190
Style,Taylor Swift,pop,2014,231
Bad Blood,Taylor Swift,pop,2014,212
Shake It Off,Taylor Swift,pop,2014,219
#SELFIE,The Chainsmokers,dance pop,2014,184
Superheroes,The Script,celtic rock,2014,245
Wasted,Tiësto,big room,2014,190
Red Lights,Tiësto,big room,2014,262
2 On (feat. ScHoolboy Q),Tinashe,alternative r&b,2014,227
Habits (Stay High),Tove Lo,art pop,2014,209
Talking Body,Tove Lo,art pop,2014,238
Na Na,Trey Songz,dance pop,2015,232
Riptide,Vance Joy,folk-pop,2014,204
Stay The Night - Featuring Hayley Williams Of Paramore,Zedd,complextro,2012,217
Faded,ZHU,edm,2014,223
Ghost Town,Adam Lambert,dance pop,2015,208
Here,Alessia Cara,canadian contemporary r&b,2015,199
"Honey, I'm Good.",Andy Grammer,dance pop,2014,199
Love Me Harder,Ariana Grande,dance pop,2014,236
The Nights,Avicii,dance pop,2014,177
Waiting For Love,Avicii,dance pop,2015,231
  7/11,Beyoncé,dance pop,2014,214
I Don't Fuck With You,Big Sean,detroit hip hop,2015,284
Electric Love,BØRNS,modern rock,2015,218
Don't,Bryson Tiller,kentucky hip hop,2015,198
Outside (feat. Ellie Goulding),Calvin Harris,dance pop,2014,227
How Deep Is Your Love,Calvin Harris,dance pop,2015,213
Ayo,Chris Brown,dance pop,2015,225
Cool for the Summer,Demi Lovato,dance pop,2015,215
Confident,Demi Lovato,dance pop,2015,206
Five More Hours,Deorro,dance pop,2017,212
Omen - Radio Edit,Disclosure,edm,2015,197
You Know You Like It,DJ Snake,dance pop,2014,247
Hotline Bling,Drake,canadian hip hop,2016,267
Jumpman,Drake,canadian hip hop,2015,206
Thinking out Loud,Ed Sheeran,pop,2014,282
"Love Me Like You Do - From ""Fifty Shades Of Grey""",Ellie Goulding,dance pop,2015,253
On My Mind,Ellie Goulding,dance pop,2015,213
Centuries,Fall Out Boy,emo,2015,228
679 (feat. Remy Boyz),Fetty Wap,new jersey rap,2015,197
Trap Queen,Fetty Wap,new jersey rap,2015,222
My Way (feat. Monty),Fetty Wap,new jersey rap,2015,213
My House,Flo Rida,dance pop,2015,192
GDFR (feat. Sage the Gemini & Lookas),Flo Rida,dance pop,2015,190
Mountain at My Gates,Foals,indie rock,2015,244
Runaway (U & I),Galantis,dance pop,2015,227
Barcelona,George Ezra,folk-pop,2014,189
Love Myself,Hailee Steinfeld,dance pop,2016,219
Take Me to Church,Hozier,irish singer-songwriter,2014,242
Where Are Ü Now (with Justin Bieber),Jack Ü,edm,2015,250
oui,Jeremih,chicago rap,2015,238
Classic Man (feat. Roman GianArthur),Jidenna,ghanaian hip hop,2015,226
What Do You Mean?,Justin Bieber,canadian pop,2015,206
Way down We Go,KALEO,icelandic indie,2016,214
King Kunta,Kendrick Lamar,conscious hip hop,2015,235
Stole the Show,Kygo,edm,2016,223
Nothing Left (feat. Will Heard),Kygo,edm,2015,237
High By The Beach,Lana Del Rey,art pop,2015,258
Hurt Me,Låpsley,electropop,2016,231
Closer,Lemaitre,alternative dance,2017,271
Lot to Learn,Luke Christopher,indie pop rap,2015,248
Lean On,Major Lazer,dance pop,2015,177
Light It Up - Remix,Major Lazer,dance pop,2015,166
Uptown Funk (feat. Bruno Mars),Mark Ronson,dance pop,2015,270
Intoxicated - Radio Edit,Martin Solveig,dance pop,2015,160
All Eyes on You (feat. Chris Brown & Nicki Minaj),Meek Mill,hip hop,2015,224
Believe,Mumford & Sons,modern folk rock,2015,221
Somebody,Natalie La Rose,chicago rap,2014,190
That's How You Know (feat. Kid Ink & Bebe Rexha),Nico & Vinz,pop rap,2015,186
Drive,Oh Wonder,electropop,2015,196
Post to Be (feat. Chris Brown & Jhene Aiko),Omarion,dance pop,2014,227
Drag Me Down,One Direction,boy band,2015,192
Perfect,One Direction,boy band,2015,230
Sunset Lover,Petit Biscuit,new french touch,2015,238
Wish You Were Mine - Radio Edit,Philip George,deep groove house,2014,178
Time of Our Lives,Pitbull,dance pop,2014,229
No Type,Rae Sremmurd,hip hop,2015,200
"Flex (Ooh, Ooh, Ooh)",Rich Homie Quan,atl hip hop,2015,177
FourFiveSeconds,Rihanna,barbadian pop,2015,188
Bitch Better Have My Money,Rihanna,barbadian pop,2015,219
Chill Bill (feat. J. Davi$ & Spooks),Rob $tone,san diego rap,2016,177
Sugar (feat. Francesco Yates),Robin Schulz,dance pop,2015,219
Lay It All on Me (feat. Ed Sheeran),Rudimental,dance pop,2015,242
Like I Can,Sam Smith,dance pop,2014,167
You Don't Own Me (feat. G-Eazy),SAYGRACE,dance pop,2015,199
Same Old Love,Selena Gomez,dance pop,2015,229
Hands To Myself,Selena Gomez,dance pop,2015,201
Good For You,Selena Gomez,dance pop,2015,222
Geronimo,Sheppard,australian indie,2015,218
Easy Love,Sigala,dance pop,2018,230
All My Friends (feat. Tinashe & Chance the Rapper),Snakehips,edm,2015,230
The Less I Know The Better,Tame Impala,australian psych,2015,216
Blank Space,Taylor Swift,pop,2014,232
Wildest Dreams,Taylor Swift,pop,2014,220
Bad Blood,Taylor Swift,pop,2015,200
Style,Taylor Swift,pop,2014,231
Spirits,The Strumbellas,canadian indie,2016,204
The Hills,The Weeknd,canadian contemporary r&b,2015,242
Can't Feel My Face,The Weeknd,canadian contemporary r&b,2015,214
"Earned It (Fifty Shades Of Grey) - From The ""Fifty Shades Of Grey"" Soundtrack",The Weeknd,canadian contemporary r&b,2014,252
In The Night,The Weeknd,canadian contemporary r&b,2015,236
Die A Happy Man,Thomas Rhett,contemporary country,2015,227
Talking Body,Tove Lo,art pop,2014,238
Antidote,Travis Scott,hip hop,2015,263
Slow Motion,Trey Songz,dance pop,2015,198
Na Na,Trey Songz,dance pop,2015,232
YOUTH,Troye Sivan,australian pop,2015,185
Stressed Out,Twenty One Pilots,modern rock,2015,202
I Don't Mind (feat. Juicy J),Usher,atl hip hop,2014,252
Shut Up and Dance,WALK THE MOON,dance pop,2014,199
See You Again (feat. Charlie Puth),Wiz Khalifa,dance pop,2015,230
Renegades,X Ambassadors,modern alternative rock,2015,195
Unsteady,X Ambassadors,modern alternative rock,2015,194
King,Years & Years,dance pop,2015,215
I Want You To Know,Zedd,complextro,2015,240
When We Were Young,Adele,british soul,2015,291
Send My Love (To Your New Lover),Adele,british soul,2015,223
Hello,Adele,british soul,2015,296
Here,Alessia Cara,canadian contemporary r&b,2015,199
Alarm,Anne-Marie,dance pop,2016,206
Into You,Ariana Grande,dance pop,2016,244
Side To Side,Ariana Grande,dance pop,2016,226
Dangerous Woman,Ariana Grande,dance pop,2016,236
Hurts So Good,Astrid S,alt z,2021,209
Good Grief,Bastille,metropopolis,2016,206
Sorry,Beyoncé,dance pop,2016,233
Don't,Bryson Tiller,kentucky hip hop,2015,198
Exchange,Bryson Tiller,kentucky hip hop,2015,195
Dancing On My Own,Calum Scott,neo mellow,2018,260
This Is What You Came For (feat. Rihanna),Calvin Harris,dance pop,2016,222
My Way,Calvin Harris,dance pop,2016,219
We Don't Talk Anymore (feat. Selena Gomez),Charlie Puth,dance pop,2016,218
One Call Away,Charlie Puth,dance pop,2016,194
Dangerously,Charlie Puth,dance pop,2016,199
Sex,Cheat Codes,dance pop,2016,228
Back To Sleep,Chris Brown,dance pop,2015,201
Tears (feat. Louisa Johnson),Clean Bandit,dance pop,2016,226
Hymn for the Weekend,Coldplay,permanent wave,2015,258
Adventure of a Lifetime,Coldplay,permanent wave,2015,264
This One's for You (feat. Zara Larsson) (Official Song UEFA EURO 2016),David Guetta,big room,2016,207
"Sit Still, Look Pretty",Daya,alt z,2016,202
Hide Away,Daya,alt z,2016,192
Let Me Love You,DJ Snake,dance pop,2016,206
Middle,DJ Snake,dance pop,2016,221
Cake By The Ocean,DNCE,dance pop,2016,219
Too Good,Drake,canadian hip hop,2016,263
Hotter Than Hell,Dua Lipa,dance pop,2017,188
DUELE EL CORAZON (feat. Wisin),Enrique Iglesias,dance pop,2016,200
Work from Home (feat. Ty Dolla $ign),Fifth Harmony,dance pop,2016,214
All In My Head (Flex) (feat. Fetty Wap),Fifth Harmony,dance pop,2016,211
My House,Flo Rida,dance pop,2015,192
Say It (feat. Tove Lo),Flume,australian dance,2016,263
Pink + White,Frank Ocean,alternative r&b,2016,185
Low Life (feat. The Weeknd),Future,atl hip hop,2016,314
No Money,Galantis,dance pop,2016,189
"i hate u, i love u (feat. olivia o'brien)",Garrett Nash,electropop,2016,251
"Me, Myself & I",G-Eazy,indie pop rap,2015,251
Starving,Hailee Steinfeld,dance pop,2016,182
Can I Be Him,James Arthur,pop,2016,247
When You Love Someone,James TW,neo mellow,2019,217
Love Me Now,John Legend,neo soul,2016,210
Perfect Strangers,Jonas Blue,dance pop,2018,197
Fast Car,Jonas Blue,dance pop,2018,212
Love Yourself,Justin Bieber,canadian pop,2015,234
Sorry,Justin Bieber,canadian pop,2015,201
"CAN'T STOP THE FEELING! (from DreamWorks Animation's ""TROLLS"")",Justin Timberlake,dance pop,2016,238
Gold,Kiiara,alt z,2020,226
Stole the Show,Kygo,edm,2016,223
Stay (feat. Maty Noyes),Kygo,edm,2015,239
"Sucker for Pain (with Wiz Khalifa, Imagine Dragons, Logic & Ty Dolla $ign feat. X Ambassadors)",Lil Wayne,hip hop,2016,243
Shout Out to My Ex,Little Mix,dance pop,2016,246
7 Years,Lukas Graham,danish pop,2016,237
Alaska,Maggie Rogers,indie pop,2019,188
Cold Water,Major Lazer,dance pop,2016,185
You & Me,Marc E. Bassy,pop,2017,218
Alone,Marshmello,brostep,2016,274
In the Name of Love,Martin Garrix,dance pop,2016,196
NO,Meghan Trainor,dance pop,2017,214
The Ocean (feat. Shy Martin),Mike Perry,dance pop,2016,183
I Took A Pill In Ibiza - Seeb Remix,Mike Posner,dance pop,2016,198
Final Song,MØ,art pop,2016,236
This Town,Niall Horan,dance pop,2016,233
Close,Nick Jonas,dance pop,2016,234
History,Olivia Holt,alt z,2016,204
History,One Direction,boy band,2015,187
Wherever I Go,OneRepublic,dance pop,2016,170
"Just Like Fire (From the Original Motion Picture ""Alice Through The Looking Glass"")",P!nk,dance pop,2016,215
Not Nice,PARTYNEXTDOOR,pop,2016,203
Needed Me,Rihanna,barbadian pop,2016,192
Work,Rihanna,barbadian pop,2016,219
Lost Boy,Ruth B.,alt z,2015,275
You Don't Own Me (feat. G-Eazy),SAYGRACE,dance pop,2016,201
Same Old Love,Selena Gomez,dance pop,2015,229
Hands To Myself,Selena Gomez,dance pop,2015,201
Treat You Better,Shawn Mendes,canadian pop,2017,188
I Know What You Did Last Summer,Shawn Mendes,canadian pop,2015,224
The Greatest (feat. Kendrick Lamar),Sia,australian dance,2016,210
Cheap Thrills (feat. Sean Paul),Sia,australian dance,2016,225
Sweet Lovin' - Radio Edit,Sigala,dance pop,2018,202
All My Friends (feat. Tinashe & Chance the Rapper),Snakehips,edm,2015,230
Just Hold On,Steve Aoki,dance pop,2018,199
Somebody Else,The 1975,modern alternative rock,2016,348
The Sound,The 1975,modern alternative rock,2016,249
Closer,The Chainsmokers,dance pop,2016,245
Don't Let Me Down,The Chainsmokers,dance pop,2016,208
Roses,The Chainsmokers,dance pop,2015,227
Ophelia,The Lumineers,folk-pop,2016,160
Starboy,The Weeknd,canadian contemporary r&b,2016,230
Once In a While,Timeflies,dance pop,2016,215
Girls Like (feat. Zara Larsson),Tinie Tempah,dance pop,2016,196
Cool Girl,Tove Lo,art pop,2016,199
Renegades,X Ambassadors,modern alternative rock,2015,195
Unsteady,X Ambassadors,modern alternative rock,2015,194
Never Forget You,Zara Larsson,dance pop,2017,213
PILLOWTALK,ZAYN,dance pop,2016,203
It's A Vibe,2 Chainz,atl hip hop,2017,210
Bank Account,21 Savage,atl hip hop,2017,220
Drowning (feat. Kodak Black),A Boogie Wit da Hoodie,melodic rap,2017,209
Plain Jane,A$AP Ferg,gangster rap,2017,174
Weak,AJR,modern rock,2017,201
Caroline,Aminé,hip hop,2017,210
More Than You Know,Axwell /\ Ingrosso,dance pop,2017,203
Rolex,Ayo & Teo,social media pop,2017,239
Bounce Back,Big Sean,detroit hip hop,2017,222
Man's Not Hot,Big Shaq,london rap,2017,186
Bored,Billie Eilish,art pop,2017,181
do re mi,blackbear,electropop,2017,212
That's What I Like,Bruno Mars,dance pop,2016,207
24K Magic,Bruno Mars,dance pop,2016,226
"Feels (feat. Pharrell Williams, Katy Perry & Big Sean)",Calvin Harris,dance pop,2017,223
Slide (feat. Frank Ocean & Migos),Calvin Harris,dance pop,2017,231
Havana (feat. Young Thug),Camila Cabello,dance pop,2018,217
Bodak Yellow,Cardi B,dance pop,2018,224
No Promises (feat. Demi Lovato),Cheat Codes,dance pop,2017,223
Redbone,Childish Gambino,atl hip hop,2016,327
Rockabye (feat. Sean Paul & Anne-Marie),Clean Bandit,dance pop,2016,251
Sorry Not Sorry,Demi Lovato,dance pop,2017,204
"I'm the One (feat. Justin Bieber, Quavo, Chance the Rapper & Lil Wayne)",DJ Khaled,dance pop,2017,289
Wild Thoughts (feat. Rihanna & Bryson Tiller),DJ Khaled,dance pop,2017,205
Passionfruit,Drake,canadian hip hop,2017,299
Fake Love,Drake,canadian hip hop,2017,211
Perfect,Ed Sheeran,pop,2017,263
Shape of You,Ed Sheeran,pop,2017,234
Sit Next to Me,Foster The People,indietronica,2017,243
Unforgettable,French Montana,gangster rap,2017,234
Mask Off,Future,atl hip hop,2017,205
Him & I (with Halsey),G-Eazy,indie pop rap,2017,269
No Limit,G-Eazy,indie pop rap,2017,245
Most Girls,Hailee Steinfeld,dance pop,2017,204
Now Or Never,Halsey,dance pop,2017,215
NUMB,Hayden James,aussietronica,2019,217
Believer,Imagine Dragons,modern rock,2017,204
Thunder,Imagine Dragons,modern rock,2017,187
Whatever It Takes,Imagine Dragons,modern rock,2017,201
HUMBLE.,Kendrick Lamar,conscious hip hop,2017,177
LOVE. FEAT. ZACARI.,Kendrick Lamar,conscious hip hop,2017,213
DNA.,Kendrick Lamar,conscious hip hop,2017,186
ELEMENT.,Kendrick Lamar,conscious hip hop,2017,209
Young Dumb & Broke,Khalid,pop,2017,203
Location,Khalid,pop,2017,219
Tunnel Vision,Kodak Black,florida rap,2017,268
iSpy (feat. Lil Yachty),KYLE,pop,2016,253
Lust For Life (with The Weeknd),Lana Del Rey,art pop,2017,264
Strip That Down (feat. Quavo),Liam Payne,dance pop,2019,202
Save That Shit,Lil Peep,emo rap,2017,232
Gucci Gang,Lil Pump,emo rap,2017,124
XO Tour Llif3,Lil Uzi Vert,melodic rap,2017,183
Touch (feat. Kid Ink),Little Mix,dance pop,2016,203
1-800-273-8255,Logic,conscious hip hop,2017,250
Liability,Lorde,art pop,2017,172
Green Light,Lorde,art pop,2017,235
"Homemade Dynamite (Feat. Khalid, Post Malone & SZA) - REMIX",Lorde,art pop,2017,214
broken,lovelytheband,indie poptimism,2018,205
Despacito,Luis Fonsi,latin,2019,229
Bad Things (with Camila Cabello),Machine Gun Kelly,ohio hip hop,2017,239
Glorious (feat. Skylar Grey),Macklemore,pop rap,2017,220
Cold (feat. Future),Maroon 5,pop,2018,234
Don't Wanna Know (feat. Kendrick Lamar),Maroon 5,pop,2018,214
Little Dark Age,MGMT,alternative dance,2018,300
Bad and Boujee (feat. Lil Uzi Vert),Migos,atl hip hop,2017,343
Slippery (feat. Gucci Mane),Migos,atl hip hop,2017,304
T-Shirt,Migos,atl hip hop,2017,242
Sky Walker (feat. Travis Scott),Miguel,dance pop,2017,259
Malibu,Miley Cyrus,dance pop,2017,232
Nights With You,MØ,art pop,2017,197
Slow Hands,Niall Horan,dance pop,2017,188
Magnolia,Playboi Carti,atl hip hop,2017,182
Chameleon,PNAU,alternative dance,2017,198
Feel It Still,Portugal. The Man,indie rock,2017,163
Congratulations,Post Malone,dfw rap,2016,220
I Fall Apart,Post Malone,dfw rap,2016,223
Swang,Rae Sremmurd,hip hop,2016,208
Black Beatles,Rae Sremmurd,hip hop,2016,292
Chill Bill (feat. J. Davi$ & Spooks),Rob $tone,san diego rap,2016,177
Losin Control,Russ,hawaiian hip hop,2017,238
Too Good At Goodbyes,Sam Smith,dance pop,2017,201
No Lie,Sean Paul,dance pop,2018,221
Fetish (feat. Gucci Mane),Selena Gomez,dance pop,2017,186
Broccoli,Shelley FKA DRAM,alternative r&b,2016,225
Don't Leave,Snakehips,edm,2017,215
Love Galore (feat. Travis Scott),SZA,pop,2017,275
Look What You Made Me Do,Taylor Swift,pop,2017,212
...Ready For It?,Taylor Swift,pop,2017,208
Something Just Like This,The Chainsmokers,dance pop,2017,247
Paris,The Chainsmokers,dance pop,2017,222
All Night,The Vamps,boy band,2017,198
Middle Of The Night,The Vamps,boy band,2017,175
I Feel It Coming,The Weeknd,canadian contemporary r&b,2016,269
goosebumps,Travis Scott,hip hop,2016,244
BUTTERFLY EFFECT,Travis Scott,hip hop,2018,191
Jocelyn Flores,XXXTENTACION,emo rap,2017,119
Rake It Up (feat. Nicki Minaj),Yo Gotti,dirty south rap,2017,276
I Would Like,Zara Larsson,dance pop,2017,227
Juju on That Beat (TZ Anthem),Zay Hilfigerrr,hip hop,2016,144
Stay,Zedd,complextro,2017,210
Youngblood,5 Seconds of Summer,boy band,2018,203
FEFE,6ix9ine,emo rap,2018,179
GUMMO,6ix9ine,emo rap,2018,158
God is a woman,Ariana Grande,dance pop,2018,198
no tears left to cry,Ariana Grande,dance pop,2018,206
Jumanji,B Young,afroswing,2018,173
Answerphone (feat. Yxng Bane),Banx & Ranx,basshall,2018,191
Mine,Bazzi,dance pop,2018,131
Eastside (with Halsey & Khalid),benny blanco,electropop,2018,174
lovely (with Khalid),Billie Eilish,art pop,2018,200
Look Alive (feat. Drake),BlocBoy JB,memphis hip hop,2018,181
One Kiss (with Dua Lipa),Calvin Harris,dance pop,2018,215
Never Be the Same,Camila Cabello,dance pop,2018,227
I Like It,Cardi B,dance pop,2018,253
Bodak Yellow,Cardi B,dance pop,2018,224
Be Careful,Cardi B,dance pop,2018,211
Miss You (with Major Lazer & Tory Lanez),Cashmere Cat,dance pop,2018,186
How Long,Charlie Puth,dance pop,2018,201
Done for Me (feat. Kehlani),Charlie Puth,dance pop,2018,180
The Way I Am,Charlie Puth,dance pop,2018,186
This Is America,Childish Gambino,atl hip hop,2018,226
Tequila,Dan + Shay,contemporary country,2018,197
Nevermind,Dennis Lloyd,israeli pop,2017,157
No Brainer,DJ Khaled,dance pop,2018,260
God's Plan,Drake,canadian hip hop,2018,199
Nonstop,Drake,canadian hip hop,2018,239
Nice For What,Drake,canadian hip hop,2018,211
In My Feelings,Drake,canadian hip hop,2018,218
I'm Upset,Drake,canadian hip hop,2018,214
IDGAF,Dua Lipa,dance pop,2017,218
In My Mind,Dynoro,edm,2018,185
Trip,Ella Mai,dance pop,2018,214
Boo'd Up,Ella Mai,dance pop,2017,256
River (feat. Ed Sheeran),Eminem,detroit hip hop,2017,221
German,EO,afroswing,2018,171
Let's Fall in Love for the Night,FINNEAS,alt z,2018,190
Simple,Florida Georgia Line,contemporary country,2019,185
Him & I (with Halsey),G-Eazy,indie pop rap,2017,269
Shotgun,George Ezra,folk-pop,2018,201
Paradise,George Ezra,folk-pop,2018,222
we fell in love in october,girl in red,bedroom pop,2018,184
"Let Me Go (with Alesso, Florida Georgia Line & watt)",Hailee Steinfeld,dance pop,2017,175
Bad At Love,Halsey,dance pop,2017,181
The Greatest Show,Hugh Jackman,hollywood,2017,302
Natural,Imagine Dragons,modern rock,2018,189
Make Me Feel,Janelle Monáe,afrofuturism,2018,194
You Make It Easy,Jason Aldean,contemporary country,2018,197
"King's Dead (with Kendrick Lamar, Future & James Blake)",Jay Rock,conscious hip hop,2018,230
Rise,Jonas Blue,dance pop,2018,194
Lucid Dreams,Juice WRLD,chicago rap,2018,240
LOVE. FEAT. ZACARI.,Kendrick Lamar,conscious hip hop,2017,213
All The Stars (with SZA),Kendrick Lamar,conscious hip hop,2018,232
Love Lies (with Normani),Khalid,pop,2018,202
1950,King Princess,alt z,2018,225
I Like Me Better,Lauv,dance pop,2018,197
Yes Indeed,Lil Baby,atl hip hop,2018,142
Freaky Friday (feat. Chris Brown),Lil Dicky,comedy rap,2018,217
Everyday,Logic,conscious hip hop,2018,205
Body,Loud Luxury,dance pop,2017,163
Bad Vibe,M.O,afroswing,2018,214
"Home (with Machine Gun Kelly, X Ambassadors & Bebe Rexha)",Machine Gun Kelly,ohio hip hop,2017,203
Corazón (feat. Nego do Borel),Maluma,latin,2018,185
Wait,Maroon 5,pop,2018,191
Happier,Marshmello,brostep,2018,214
Silence,Marshmello,brostep,2017,181
FRIENDS,Marshmello,brostep,2018,203
Spotlight,Marshmello,brostep,2018,178
Walk It Talk It,Migos,atl hip hop,2018,276
MotorSport,Migos,atl hip hop,2018,303
Stir Fry,Migos,atl hip hop,2018,190
17,MK,dance pop,2017,196
Let You Down,NF,hip hop,2017,212
Te Boté - Remix,Nio Garcia,latin,2018,418
Ric Flair Drip (with Metro Boomin),Offset,atl hip hop,2017,173
Vaina Loca,Ozuna,latin,2018,176
Déjala Que Vuelva (feat. Manuel Turizo),Piso 21,colombian pop,2018,220
rockstar (feat. 21 Savage),Post Malone,dfw rap,2018,218
Better Now,Post Malone,dfw rap,2018,231
Psycho (feat. Ty Dolla $ign),Post Malone,dfw rap,2018,221
Powerglide (feat. Juicy J) - From SR3MM,Rae Sremmurd,hip hop,2018,332
Plug Walk,Rich The Kid,atl hip hop,2018,175
Mo Bamba,Sheck Wes,rap,2018,184
Strangers,Sigrid,dance pop,2019,234
Delicate,Taylor Swift,pop,2017,232
It's Not Living (If It's Not With You),The 1975,modern alternative rock,2018,248
This Feeling,The Chainsmokers,dance pop,2018,198
Sick Boy,The Chainsmokers,dance pop,2018,193
Call Out My Name,The Weeknd,canadian contemporary r&b,2018,228
Pray For Me (with Kendrick Lamar),The Weeknd,canadian contemporary r&b,2018,211
Jackie Chan,Tiësto,big room,2018,216
SICKO MODE,Travis Scott,hip hop,2018,313
Taste (feat. Offset),Tyga,dance pop,2018,233
Saturday Sun,Vance Joy,folk-pop,2018,215
SAD!,XXXTENTACION,emo rap,2018,167
Moonlight,XXXTENTACION,emo rap,2018,135
changes,XXXTENTACION,emo rap,2018,122
If You're Over Me,Years & Years,dance pop,2018,189
"BIG BANK (feat. 2 Chainz, Big Sean, Nicki Minaj)",YG,cali rap,2018,237
The Middle,Zedd,complextro,2018,185
a lot,21 Savage,atl hip hop,2018,289
Easier,5 Seconds of Summer,boy band,2020,158
Swervin (feat. 6ix9ine),A Boogie Wit da Hoodie,melodic rap,2018,189
Look Back at It,A Boogie Wit da Hoodie,melodic rap,2018,179
Ladbroke Grove,AJ Tracey,grime,2019,191
China,Anuel AA,latin,2019,302
Secreto,Anuel AA,latin,2019,259
7 rings,Ariana Grande,dance pop,2019,179
"thank u, next",Ariana Grande,dance pop,2019,207
"break up with your girlfriend, i'm bored",Ariana Grande,dance pop,2019,190
boyfriend (with Social House),Ariana Grande,dance pop,2019,186
On A Roll,Ashley O,pop,2019,154
Callaita,Bad Bunny,latin,2019,251
MIA (feat. Drake),Bad Bunny,latin,2018,210
lovely (with Khalid),Billie Eilish,art pop,2018,200
bad guy,Billie Eilish,art pop,2019,194
when the party's over,Billie Eilish,art pop,2019,196
bury a friend,Billie Eilish,art pop,2019,193
Kill This Love,BLACKPINK,k-pop,2019,191
The Git Up,Blanco Brown,black americana,2019,201
Thotiana,Blueface,cali rap,2018,129
Boy With Luv (feat. Halsey),BTS,k-pop,2019,230
Please Me,Cardi B,dance pop,2019,201
Money,Cardi B,dance pop,2018,184
Suge,DaBaby,north carolina hip hop,2019,163
Location (feat. Burna Boy),Dave,uk hip hop,2019,241
Juicy,Doja Cat,dance pop,2019,202
3 Nights,Dominic Fike,alternative pop rock,2018,178
Money In The Grave (Drake ft. Rick Ross),Drake,canadian hip hop,2019,205
Don't Start Now,Dua Lipa,dance pop,2019,183
Take Me Back to London (feat. Stormzy),Ed Sheeran,pop,2019,190
Cross Me (feat. Chance the Rapper & PnB Rock),Ed Sheeran,pop,2019,206
Antisocial (with Travis Scott),Ed Sheeran,pop,2019,162
Leave Me Alone,Flipp Dinero,melodic rap,2019,196
Lost in the Fire (feat. The Weeknd),Gesaffelstein,dark clubbing,2019,202
Without Me,Halsey,dance pop,2018,202
emotions,iann dior,melodic rap,2019,131
gone girl,iann dior,melodic rap,2019,137
MIDDLE CHILD,J. Cole,conscious hip hop,2019,214
All Day And Night,Jax Jones,dance pop,2019,169
Sorry,Joel Corry,dance pop,2019,189
Sucker,Jonas Brothers,boy band,2019,181
Only Human,Jonas Brothers,boy band,2019,183
Robbery,Juice WRLD,chicago rap,2019,240
Good as You,Kane Brown,black americana,2019,192
Nights Like This (feat. Ty Dolla $ign),Kehlani,dance pop,2019,202
Better,Khalid,pop,2018,229
Talk (feat. Disclosure),Khalid,pop,2019,198
ZEZE (feat. Travis Scott & Offset),Kodak Black,florida rap,2018,229
Shallow,Lady Gaga,art pop,2018,216
Doin' Time,Lana Del Rey,art pop,2019,202
i'm so tired...,Lauv,dance pop,2020,163
Someone You Loved,Lewis Capaldi,pop,2019,182
Grace,Lewis Capaldi,pop,2019,186
Old Town Road - Remix,Lil Nas X,lgbtq+ hip hop,2019,157
Old Town Road,Lil Nas X,lgbtq+ hip hop,2019,113
Panini,Lil Nas X,lgbtq+ hip hop,2019,115
Ransom,Lil Tecca,melodic rap,2019,131
Truth Hurts,Lizzo,dance pop,2019,173
Good as Hell,Lizzo,dance pop,2019,160
Soltera - Remix,Lunay,latin,2019,266
Light On,Maggie Rogers,indie pop,2019,234
Nothing Breaks Like a Heart (feat. Miley Cyrus),Mark Ronson,dance pop,2018,217
Here With Me,Marshmello,brostep,2019,156
One Thing Right,Marshmello,brostep,2019,182
Piece Of Your Heart,MEDUZA,edm,2019,153
Going Bad (feat. Drake),Meek Mill,hip hop,2018,181
Hot Girl Summer (feat. Nicki Minaj & Ty Dolla $ign),Megan Thee Stallion,dance pop,2019,199
Slide Away,Miley Cyrus,dance pop,2019,234
Pure Water (with Migos),Mustard,cali rap,2019,192
Shotta Flow (feat. Blueface) [Remix],NLE Choppa,memphis hip hop,2019,177
Motivation,Normani,dance pop,2019,194
Options,NSG,afro dancehall,2020,240
Clout (feat. Cardi B),Offset,atl hip hop,2019,206
High Hopes,Panic! At The Disco,modern rock,2018,191
Adan y Eva,Paulo Londra,argentine hip hop,2019,257
Pop Out (feat. Lil Tjay),Polo G,chicago rap,2019,167
Circles,Post Malone,dfw rap,2019,215
Better Now,Post Malone,dfw rap,2018,231
Sunflower - Spider-Man: Into the Spider-Verse,Post Malone,dfw rap,2019,158
Wow.,Post Malone,dfw rap,2019,150
Goodbyes (feat. Young Thug),Post Malone,dfw rap,2019,175
Ride It,Regard,dance pop,2019,158
Keisha & Becky - Remix,Russ Millions,uk drill,2019,253
Post Malone (feat. RANI),Sam Feldt,dance pop,2019,174
My Type,Saweetie,cali rap,2019,126
Otro Trago,Sech,latin,2019,226
Señorita,Shawn Mendes,canadian pop,2019,191
If I Can't Have You,Shawn Mendes,canadian pop,2019,191
Don’t Feel Like Crying,Sigrid,dance pop,2019,157
Vossi Bop,Stormzy,grime,2019,196
Lover,Taylor Swift,pop,2019,221
Cruel Summer,Taylor Swift,pop,2019,178
You Need To Calm Down,Taylor Swift,pop,2019,171
SICKO MODE,Travis Scott,hip hop,2018,313
EARFQUAKE,"Tyler, The Creator",hip hop,2019,190
Boasty (feat. Idris Elba),Wiley,grime,2019,177
Strike a Pose (feat. Aitch),Young T & Bugsey,afroswing,2019,214
The London (feat. J. Cole & Travis Scott),Young Thug,atl hip hop,2019,200
